INDIVIDUAL_ID,ACCT_SUSPD_DATE
221302577308.0,2022-10-09
221302825760.0,2022-04-24
221302678990.0,2022-05-21
221300210549.0,2022-04-27
221302553479.0,2022-09-16
221302618348.0,2022-09-27
221302438079.0,2022-11-23
221301341770.0,2022-10-30
221302429022.0,2022-04-24
221301198249.0,2022-01-21
221300394034.0,2022-01-16
221302875536.0,2022-10-28
221302879809.0,2022-01-26
221302796712.0,2022-10-14
221300056376.0,2022-09-28
221300635619.0,2022-09-12
221300175207.0,2022-11-30
221302144817.0,2022-09-08
221301093845.0,2022-05-26
221300865824.0,2022-03-19
221301769242.0,2022-04-21
221300337300.0,2022-10-20
221300003117.0,2022-03-13
221302242294.0,2022-07-17
221302633587.0,2022-05-29
221301833305.0,2022-07-14
221300354347.0,2022-11-22
221300407355.0,2022-09-12
221301376651.0,2022-09-09
221302196174.0,2022-03-14
221303071574.0,2022-05-31
221302648975.0,2022-02-28
221302259116.0,2022-08-17
221300488748.0,2022-11-26
221300105671.0,2022-01-11
221302913270.0,2022-05-18
221301946296.0,2022-03-20
221300181756.0,2022-08-21
221303154189.0,2022-10-11
221301777404.0,2022-07-13
221301096699.0,2022-03-27
221300578580.0,2022-04-13
221301884747.0,2022-02-11
221303108219.0,2022-08-28
221301166341.0,2022-07-24
221300764372.0,2022-08-09
221300826022.0,2022-02-20
221301017665.0,2022-11-11
221303084222.0,2022-11-27
221301520387.0,2022-06-11
221302821984.0,2022-05-09
221302077715.0,2022-03-19
221301143376.0,2022-02-15
221301371902.0,2021-12-13
221300916347.0,2022-03-20
221303280848.0,2022-10-18
221301639234.0,2022-02-25
221301545952.0,2022-01-09
221301745539.0,2022-05-22
221302949117.0,2022-10-30
221303037879.0,2022-11-11
221300676386.0,2022-03-15
221302293953.0,2022-10-18
221302252573.0,2022-11-26
221302731464.0,2022-01-15
221302717191.0,2022-03-31
221301428115.0,2022-10-16
221302981901.0,2022-04-19
221301524881.0,2021-12-16
221300613139.0,2022-08-20
221301176311.0,2022-04-01
221301596826.0,2022-04-29
221303010602.0,2022-10-30
221303244685.0,2022-09-12
221300313102.0,2022-01-24
221302561546.0,2022-08-28
221300384144.0,2022-09-23
221303107240.0,2022-10-23
221301929423.0,2022-03-18
221300279333.0,2022-08-17
221301283171.0,2022-05-19
221302407455.0,2022-10-20
221301683865.0,2022-11-23
221300305937.0,2021-12-24
221303080417.0,2022-11-24
221302076936.0,2022-06-26
221302808509.0,2022-01-22
221302801822.0,2022-10-16
221303150491.0,2022-10-24
221303121236.0,2022-03-16
221300277903.0,2022-02-12
221302789589.0,2022-01-15
221300511284.0,2022-04-14
221300873088.0,2022-02-18
221302398145.0,2022-07-26
221301496345.0,2022-08-18
221300308308.0,2022-09-27
221301684308.0,2022-03-01
221302379916.0,2022-11-13
221301775447.0,2022-04-13
221303157018.0,2022-05-02
221302592961.0,2022-08-31
221301981073.0,2022-03-16
221302417315.0,2021-12-09
221302804204.0,2022-11-12
221302982880.0,2022-11-28
221302782230.0,2022-01-27
221301852410.0,2022-06-09
221300527966.0,2022-04-16
221301183425.0,2022-01-22
221301157970.0,2022-08-09
221300905197.0,2022-04-17
221301527425.0,2022-11-21
221300671526.0,2022-08-15
221301240555.0,2022-01-23
221302469744.0,2022-04-26
221300177123.0,2022-10-14
221302966400.0,2022-06-19
221302415324.0,2022-04-23
221302743264.0,2022-08-10
221301298811.0,2022-03-14
221301863790.0,2022-01-27
221302641542.0,2022-05-27
221301909329.0,2021-12-20
221303050454.0,2022-06-17
221302738503.0,2022-08-12
221302811716.0,2022-06-21
221301010002.0,2022-02-12
221302460744.0,2022-07-29
221300895718.0,2022-03-21
221300318912.0,2022-08-26
221300386491.0,2022-07-21
221300315984.0,2022-01-28
221301971607.0,2022-11-25
221301251839.0,2022-02-25
221302889402.0,2022-05-20
221302725483.0,2021-12-14
221301254974.0,2022-07-02
221301117443.0,2022-09-12
221301949180.0,2022-01-01
221300201551.0,2022-11-30
221302143227.0,2022-03-27
221300271758.0,2022-06-12
221300319275.0,2022-09-17
221300724387.0,2022-07-17
221300781273.0,2021-12-22
221301563021.0,2022-03-31
221303249262.0,2022-10-30
221300328348.0,2022-08-14
221300984805.0,2022-11-25
221302634040.0,2022-04-18
221301181467.0,2022-02-01
221303197526.0,2022-02-25
221300339817.0,2022-11-29
221300803920.0,2022-10-10
221302980579.0,2022-01-02
221302462578.0,2022-03-28
221300047926.0,2022-08-20
221300715297.0,2022-02-02
221300751906.0,2022-09-19
221302311133.0,2021-12-19
221303054914.0,2022-12-02
221302838986.0,2022-02-22
221301722131.0,2022-10-02
221302055364.0,2022-07-30
221302003956.0,2022-01-27
221300310196.0,2022-10-27
221303239136.0,2022-02-16
221301837991.0,2022-06-23
221301921028.0,2022-03-21
221301607002.0,2022-03-20
221302756334.0,2022-09-21
221300563634.0,2022-04-25
221303051761.0,2022-10-11
221302268234.0,2022-09-14
221302983856.0,2022-04-02
221302248030.0,2022-03-15
221300024360.0,2022-10-01
221300157754.0,2022-11-02
221303112942.0,2022-05-30
221302193144.0,2022-09-17
221300144226.0,2022-07-02
221301861277.0,2022-02-13
221301147520.0,2022-03-28
221302436105.0,2022-09-17
221301457004.0,2022-08-13
221300500884.0,2022-03-18
221302198339.0,2022-03-21
221303280012.0,2022-02-18
221301080253.0,2022-07-18
221302093410.0,2021-12-10
221301181426.0,2022-09-23
221300845870.0,2022-09-14
221300330401.0,2022-05-20
221302761542.0,2022-09-20
221302882000.0,2022-07-21
221302860253.0,2022-06-22
221302702402.0,2022-09-27
221302975554.0,2022-01-12
221301026005.0,2022-02-22
221301082433.0,2022-03-11
221300575560.0,2022-07-16
221302262628.0,2022-08-18
221300108163.0,2022-05-20
221300983612.0,2022-11-28
221301545367.0,2022-09-25
221302661153.0,2022-01-01
221301192424.0,2022-04-28
221303222117.0,2022-07-14
221300545296.0,2022-03-19
221301413116.0,2022-04-11
221302920815.0,2021-12-23
221300705043.0,2022-05-02
221301222420.0,2022-05-23
221300118253.0,2022-10-09
221302636864.0,2022-03-22
221302922383.0,2022-12-02
221300196158.0,2022-05-30
221300033634.0,2021-12-09
221302129418.0,2021-12-09
221301959543.0,2022-11-15
221301171453.0,2022-07-11
221302037427.0,2022-04-08
221303134843.0,2022-01-20
221302006257.0,2022-04-12
221300197487.0,2022-12-02
221302811601.0,2022-08-29
221301125351.0,2022-08-22
221302414205.0,2021-12-24
221302219514.0,2022-02-25
221300055736.0,2022-01-19
221300260349.0,2022-06-12
221302223603.0,2022-09-22
221303119258.0,2022-05-09
221300977741.0,2022-06-23
221302670426.0,2022-02-01
221300336651.0,2022-02-20
221300066765.0,2022-02-19
221300645156.0,2022-07-19
221301746522.0,2021-12-13
221303164335.0,2022-07-21
221303211523.0,2022-11-14
221300410530.0,2022-06-24
221301709993.0,2022-04-27
221301604379.0,2022-10-29
221301289993.0,2021-12-17
221302666332.0,2022-01-18
221301665329.0,2022-05-14
221303301931.0,2022-08-28
221301831620.0,2022-09-11
221301063695.0,2022-01-31
221300914367.0,2022-08-16
221300708995.0,2022-11-23
221302636053.0,2022-08-02
221301727743.0,2021-12-22
221303143811.0,2022-10-22
221303043394.0,2022-06-15
221301682615.0,2022-09-08
221302027648.0,2022-03-29
221301351388.0,2022-04-02
221301803034.0,2022-10-18
221301614083.0,2022-06-02
221301015539.0,2022-01-26
221300050915.0,2022-06-16
221301340972.0,2022-07-21
221301574991.0,2022-02-16
221300895635.0,2021-12-22
221302900417.0,2022-01-21
221303158817.0,2022-11-21
221303082142.0,2022-08-13
221301229359.0,2022-02-28
221302619883.0,2022-09-12
221301917090.0,2021-12-30
221303108568.0,2022-02-20
221300893252.0,2022-11-02
221301932654.0,2022-03-29
221302420147.0,2022-01-19
221302463635.0,2022-06-14
221301381556.0,2022-10-10
221302754984.0,2022-03-26
221301912297.0,2022-10-12
221300037175.0,2022-02-26
221302178782.0,2022-03-22
221302068419.0,2022-08-15
221300835497.0,2022-10-02
221300441870.0,2022-02-06
221301012406.0,2022-08-12
221301534431.0,2022-10-31
221303209558.0,2022-01-29
221302704624.0,2022-08-01
221301020911.0,2022-08-28
221300063608.0,2022-10-16
221303085674.0,2022-09-14
221302032452.0,2022-05-15
221301669695.0,2022-08-10
221301568694.0,2022-05-17
221301045194.0,2022-10-15
221301642223.0,2022-04-12
221302165899.0,2022-09-15
221302931662.0,2022-04-22
221301451959.0,2022-08-23
221300267697.0,2022-01-28
221301928581.0,2022-04-23
221300304590.0,2022-03-24
221302884074.0,2022-04-11
221300030998.0,2022-09-13
221301895476.0,2022-06-11
221302145756.0,2022-01-30
221301351521.0,2022-01-29
221303138956.0,2022-10-20
221300562718.0,2022-05-15
221301128830.0,2022-06-09
221302937735.0,2022-01-25
221301156505.0,2022-09-09
221300917385.0,2022-07-26
221303151701.0,2022-06-23
221302988183.0,2022-02-27
221300925754.0,2022-03-26
221301689923.0,2022-09-02
221300869499.0,2021-12-21
221302782471.0,2022-01-24
221301227596.0,2022-10-23
221302716662.0,2022-11-20
221303150837.0,2022-11-09
221303119588.0,2022-02-16
221301063650.0,2022-08-29
221301369188.0,2022-11-22
221302771192.0,2022-02-16
221302229357.0,2022-09-26
221301859751.0,2022-09-29
221302928439.0,2022-05-27
221300394909.0,2022-09-01
221302603335.0,2022-01-14
221302090128.0,2022-04-23
221303186294.0,2021-12-24
221300318055.0,2022-11-24
221301481447.0,2022-01-20
221303029021.0,2022-09-08
221300859875.0,2022-01-28
221300075263.0,2022-04-16
221300761063.0,2022-10-17
221302932446.0,2022-08-20
221303293059.0,2022-10-14
221301374762.0,2022-05-16
221302590934.0,2022-01-21
221301783617.0,2022-11-27
221303145407.0,2022-05-21
221300985948.0,2021-12-14
221303000460.0,2022-03-01
221302326978.0,2021-12-18
221302939367.0,2022-07-10
221301778584.0,2021-12-31
221300423477.0,2022-11-01
221302794280.0,2022-03-15
221302881341.0,2022-10-14
221300803883.0,2022-06-11
221303014852.0,2022-11-02
221300780634.0,2022-03-22
221303281101.0,2022-04-09
221301122955.0,2022-07-31
221301877327.0,2022-04-01
221301262422.0,2022-07-16
221302079118.0,2022-05-31
221300936018.0,2022-05-16
221301663204.0,2022-09-27
221300396577.0,2022-03-13
221301253854.0,2022-10-27
221302269393.0,2022-12-02
221302294590.0,2022-08-27
221302193692.0,2022-08-27
221302320535.0,2022-07-02
221300504093.0,2022-02-08
221302965583.0,2022-02-12
221300923951.0,2022-01-26
221302954046.0,2022-04-02
221302591962.0,2022-10-28
221303235962.0,2022-08-11
221302838618.0,2022-05-31
221302450882.0,2022-09-14
221302349785.0,2022-10-29
221301061801.0,2022-04-08
221300092765.0,2022-07-19
221300768328.0,2022-06-02
221300113557.0,2022-05-20
221301793080.0,2022-09-30
221302193818.0,2022-06-19
221301480749.0,2022-10-09
221301468292.0,2022-10-13
221300409897.0,2022-09-14
221302250432.0,2022-01-14
221301893151.0,2022-01-17
221301469412.0,2022-09-09
221300793936.0,2022-05-28
221300585371.0,2022-06-24
221300841566.0,2022-11-10
221303156360.0,2022-02-18
221300088366.0,2022-07-21
221301058673.0,2022-03-16
221302032993.0,2022-08-24
221302116172.0,2021-12-15
221303079086.0,2022-05-11
221301724646.0,2022-08-21
221301955440.0,2022-06-26
221302406477.0,2022-11-18
221301786787.0,2022-06-22
221300603374.0,2022-01-16
221301721750.0,2022-08-18
221301352989.0,2022-11-18
221303058570.0,2022-07-27
221300496728.0,2022-04-08
221300225034.0,2022-02-02
221300284604.0,2021-12-19
221303094910.0,2022-08-22
221302506958.0,2022-08-24
221300488682.0,2022-03-11
221300140530.0,2022-02-01
221301421462.0,2022-03-16
221300016692.0,2022-09-13
221300997351.0,2022-01-18
221301200482.0,2022-06-23
221303208046.0,2022-07-25
221301581052.0,2022-07-17
221300809675.0,2022-05-22
221302008720.0,2022-04-16
221301945121.0,2022-05-30
221303219791.0,2022-06-10
221301325443.0,2022-07-13
221301752268.0,2022-03-15
221302204321.0,2022-05-11
221302990319.0,2022-01-15
221302932952.0,2022-05-30
221302577205.0,2022-02-19
221301712108.0,2022-02-27
221302011599.0,2022-02-14
221302793113.0,2022-09-11
221301238407.0,2022-10-22
221300477126.0,2022-01-24
221300040826.0,2022-07-19
221300721260.0,2022-01-12
221301781118.0,2022-02-02
221302090596.0,2022-04-08
221301205267.0,2022-10-26
221302818974.0,2022-11-30
221300587093.0,2022-12-01
221301147566.0,2022-06-24
221300597006.0,2022-05-21
221303277198.0,2021-12-31
221301114433.0,2022-11-29
221301975495.0,2022-03-22
221301448598.0,2022-09-09
221302544279.0,2022-04-30
221301683237.0,2022-05-01
221300926374.0,2022-03-16
221300194912.0,2022-11-24
221300595188.0,2022-11-27
221300306486.0,2022-01-28
221300828183.0,2022-06-20
221300691061.0,2022-07-01
221302406878.0,2022-03-30
221303151259.0,2022-09-01
221301552387.0,2022-10-17
221301257940.0,2022-07-09
221301810736.0,2022-04-28
221300297816.0,2022-05-11
221301623107.0,2022-11-30
221300012729.0,2022-08-27
221300709795.0,2022-07-15
221301159386.0,2022-07-24
221301627851.0,2022-06-09
221301367110.0,2022-10-18
221303083777.0,2022-07-17
221302753298.0,2022-10-10
221302344715.0,2022-04-08
221301105312.0,2022-06-16
221300883029.0,2022-11-30
221303047757.0,2022-06-17
221300497628.0,2022-03-27
221303101052.0,2021-12-20
221300122653.0,2022-02-26
221302930114.0,2022-05-02
221302794695.0,2022-09-08
221303208558.0,2022-07-25
221302765449.0,2022-04-01
221300602391.0,2022-05-14
221300292880.0,2022-06-24
221300534767.0,2022-06-16
221301026583.0,2022-06-27
221300855952.0,2022-02-22
221302022007.0,2022-04-26
221303078627.0,2022-02-13
221300326601.0,2022-11-23
221300313481.0,2022-09-01
221303246035.0,2022-09-13
221302396572.0,2022-10-14
221301540749.0,2022-10-20
221300214831.0,2022-03-28
221301748531.0,2022-02-18
221300502014.0,2022-05-01
221300977788.0,2022-08-30
221302081679.0,2022-09-15
221302870131.0,2022-09-11
221301537097.0,2021-12-16
221303107429.0,2022-08-09
221300905596.0,2022-11-08
221303282620.0,2022-09-01
221300617116.0,2022-06-23
221302322314.0,2022-08-17
221302726381.0,2022-06-22
221303002745.0,2022-03-26
221302819678.0,2022-01-24
221302754357.0,2022-01-09
221301011096.0,2022-08-10
221303164920.0,2022-03-01
221301335131.0,2022-06-21
221302646746.0,2022-01-25
221303284796.0,2022-04-22
221301128323.0,2022-08-29
221303208121.0,2022-09-20
221302073170.0,2021-12-12
221302678014.0,2021-12-13
221303099209.0,2022-04-21
221300366150.0,2022-09-29
221301230888.0,2021-12-23
221302112842.0,2022-01-13
221302694088.0,2022-11-09
221301667715.0,2022-05-21
221302039808.0,2022-03-15
221302971001.0,2022-04-16
221300520270.0,2022-01-31
221301826689.0,2022-02-24
221300483292.0,2021-12-29
221300869515.0,2022-01-01
221303047157.0,2022-03-14
221300419627.0,2022-06-20
221302748400.0,2022-07-13
221303079659.0,2022-06-20
221301905131.0,2022-02-14
221302174661.0,2022-10-31
221302714351.0,2022-08-21
221302713293.0,2022-10-17
221300328913.0,2022-03-24
221300870402.0,2022-09-08
221302878927.0,2022-07-16
221300667688.0,2022-09-24
221300715959.0,2022-07-10
221301315210.0,2022-03-15
221301292645.0,2022-10-26
221301768854.0,2022-09-17
221302938893.0,2022-09-27
221300665293.0,2022-01-11
221301575996.0,2022-05-11
221302440789.0,2022-02-18
221301807168.0,2021-12-22
221300689016.0,2022-10-21
221300265874.0,2021-12-17
221302983299.0,2022-03-21
221301974120.0,2022-03-28
221301280697.0,2022-11-22
221301022960.0,2022-07-02
221302535586.0,2022-09-01
221302934914.0,2022-03-15
221301587505.0,2022-06-20
221303124662.0,2022-03-18
221300030431.0,2022-10-20
221303145742.0,2022-06-17
221301452889.0,2022-04-13
221303016576.0,2022-07-20
221302936756.0,2022-07-31
221302658461.0,2022-01-23
221302036004.0,2022-05-14
221300604243.0,2022-07-01
221301732471.0,2022-08-02
221301149685.0,2022-01-19
221300582743.0,2022-06-30
221300240992.0,2022-05-13
221300729367.0,2022-04-01
221300076087.0,2022-10-25
221300619540.0,2021-12-15
221300691414.0,2022-08-31
221303035439.0,2021-12-30
221302675840.0,2022-05-15
221303175548.0,2022-01-16
221301730962.0,2022-10-15
221301222030.0,2022-12-02
221301416216.0,2022-01-24
221303098758.0,2021-12-14
221300256078.0,2022-01-20
221301669569.0,2022-07-09
221303174013.0,2022-06-09
221300617231.0,2022-11-17
221301022651.0,2022-09-09
221301512793.0,2022-06-27
221301748903.0,2022-09-24
221301664634.0,2022-04-08
221300897952.0,2022-02-08
221300464949.0,2022-04-01
221301622157.0,2022-01-12
221300674619.0,2022-05-15
221301983939.0,2021-12-13
221303047658.0,2022-06-10
221302406921.0,2022-06-16
221300266827.0,2022-04-16
221301373302.0,2022-02-08
221302839767.0,2021-12-09
221300216366.0,2022-08-22
221300298843.0,2022-05-16
221302156526.0,2022-03-20
221300264516.0,2022-03-09
221301965433.0,2022-02-15
221301966855.0,2022-09-14
221302885922.0,2022-03-30
221302299300.0,2022-07-21
221300484024.0,2021-12-19
221302896526.0,2022-03-19
221301988327.0,2021-12-28
221300442944.0,2022-10-20
221300133845.0,2022-04-28
221301599156.0,2022-01-13
221300482512.0,2022-03-28
221303121368.0,2022-06-09
221301099473.0,2022-01-15
221300782390.0,2022-04-21
221300214047.0,2022-03-12
221302009722.0,2022-11-18
221300907549.0,2022-01-11
221303286868.0,2021-12-30
221301212267.0,2022-11-02
221302675775.0,2022-09-25
221300539946.0,2022-05-02
221301615906.0,2022-04-09
221302631538.0,2022-02-06
221302120076.0,2022-02-25
221300681779.0,2022-05-23
221303051412.0,2021-12-11
221301318875.0,2022-04-14
221301445993.0,2022-05-30
221300010683.0,2021-12-28
221302300455.0,2022-09-11
221301320703.0,2022-02-01
221302124360.0,2022-11-24
221300593539.0,2022-08-24
221302986464.0,2022-04-17
221303041907.0,2022-05-27
221301215000.0,2022-02-14
221301046372.0,2022-09-25
221303166977.0,2022-07-09
221301609710.0,2022-10-09
221302210569.0,2022-06-17
221302801174.0,2022-08-10
221301992055.0,2022-06-22
221300201373.0,2022-11-21
221301560421.0,2022-10-22
221300304603.0,2022-01-15
221302170425.0,2022-04-30
221303216168.0,2022-01-30
221302960299.0,2022-04-18
221303011933.0,2022-06-15
221300447578.0,2022-11-02
221303147963.0,2022-11-10
221300159876.0,2021-12-14
221303220246.0,2022-07-30
221300965859.0,2022-08-25
221300863893.0,2021-12-23
221300475763.0,2021-12-26
221301317988.0,2022-11-26
221302490228.0,2022-03-13
221301722874.0,2022-05-11
221302063861.0,2022-03-09
221302389529.0,2022-07-18
221300563492.0,2022-11-11
221303110053.0,2021-12-29
221300603663.0,2022-10-28
221300308968.0,2022-10-18
221301237152.0,2022-10-26
221300972878.0,2022-08-16
221302724726.0,2022-02-22
221300372616.0,2022-05-01
221300976463.0,2022-03-24
221302255369.0,2022-08-11
221300247959.0,2022-07-10
221300889541.0,2022-07-26
221302443070.0,2022-08-20
221302998935.0,2022-02-07
221301656184.0,2022-03-12
221301560791.0,2022-07-30
221301208236.0,2022-04-24
221301920142.0,2022-10-25
221301003435.0,2022-04-20
221301299043.0,2022-07-24
221300108458.0,2022-02-07
221301538714.0,2022-09-09
221302285550.0,2021-12-23
221303057015.0,2022-06-26
221300458606.0,2022-03-22
221303188342.0,2022-08-29
221301009684.0,2022-01-28
221300288536.0,2021-12-19
221301230382.0,2022-11-08
221300912047.0,2021-12-19
221300906720.0,2022-06-28
221300844020.0,2022-02-08
221302290098.0,2022-07-16
221301345231.0,2022-06-23
221300139012.0,2022-12-02
221300909235.0,2022-04-14
221300670959.0,2022-08-16
221300268235.0,2022-03-20
221302768503.0,2022-01-10
221300469156.0,2022-11-11
221302414998.0,2022-04-09
221303101416.0,2022-06-01
221301452316.0,2022-02-21
221301634588.0,2022-04-01
221302625991.0,2022-09-15
221300004440.0,2022-01-27
221300362338.0,2022-01-15
221301063905.0,2022-03-17
221300793222.0,2022-03-12
221302181427.0,2022-02-24
221300832631.0,2022-10-14
221300843100.0,2022-03-25
221302855760.0,2022-03-18
221303005198.0,2021-12-29
221301491955.0,2022-04-23
221300529456.0,2022-07-28
221301989502.0,2022-04-29
221300632949.0,2021-12-10
221303254551.0,2022-03-31
221303161038.0,2022-05-25
221301297702.0,2022-02-27
221302727623.0,2022-03-30
221302512629.0,2022-03-02
221300535805.0,2022-03-27
221301312125.0,2022-07-09
221300701368.0,2022-06-11
221300371237.0,2022-02-06
221303234198.0,2022-08-19
221301296365.0,2022-06-30
221301040906.0,2022-01-31
221300129113.0,2022-10-19
221300948848.0,2022-07-15
221301847389.0,2022-02-02
221301744947.0,2021-12-10
221303084655.0,2022-10-16
221303264139.0,2022-02-06
221302303507.0,2021-12-31
221301773564.0,2021-12-24
221302980663.0,2022-06-30
221302039745.0,2022-03-02
221302650759.0,2021-12-27
221300457503.0,2022-10-29
221300456453.0,2022-07-13
221301412828.0,2022-03-21
221302843615.0,2022-07-09
221302958687.0,2022-01-15
221302603137.0,2022-01-24
221302611197.0,2022-11-22
221302367346.0,2022-08-18
221300838857.0,2022-06-10
221302192070.0,2022-10-15
221302461844.0,2022-08-26
221302127051.0,2022-02-07
221301974177.0,2022-02-21
221302128343.0,2021-12-29
221302229331.0,2022-06-02
221302311977.0,2022-05-22
221302354290.0,2022-02-28
221303102919.0,2022-10-27
221301201747.0,2022-07-31
221303053028.0,2022-08-11
221302827503.0,2022-09-02
221301196394.0,2022-02-21
221302622706.0,2022-07-18
221300369316.0,2022-04-09
221302581583.0,2022-06-08
221300220185.0,2022-01-24
221301667053.0,2022-08-27
221303058308.0,2022-07-30
221301607313.0,2022-11-25
221301795331.0,2022-05-24
221300666458.0,2022-02-10
221302713588.0,2022-05-20
221303116243.0,2022-05-31
221301849831.0,2022-02-19
221302573307.0,2022-04-27
221303009310.0,2022-07-28
221301505769.0,2022-04-16
221302933742.0,2022-01-25
221302406732.0,2022-03-17
221302067663.0,2022-10-17
221302488286.0,2021-12-31
221302841808.0,2022-10-29
221301615668.0,2022-11-24
221300231387.0,2022-08-02
221301825729.0,2022-09-25
221301460887.0,2022-02-28
221300880233.0,2022-03-25
221300280798.0,2022-08-17
221301047324.0,2022-09-22
221300897033.0,2022-05-16
221302349170.0,2022-06-09
221302714838.0,2022-10-23
221302848059.0,2022-01-24
221300934645.0,2022-02-13
221300581823.0,2022-09-08
221303150243.0,2022-03-21
221301422922.0,2021-12-09
221301076650.0,2022-03-13
221302991299.0,2021-12-20
221302523342.0,2022-07-21
221302214223.0,2022-10-28
221303284891.0,2022-06-24
221303031861.0,2022-10-28
221303019039.0,2022-11-19
221301446751.0,2022-08-18
221302293780.0,2022-10-20
221300229654.0,2022-02-16
221301352442.0,2022-11-17
221301684296.0,2021-12-22
221300871321.0,2022-11-28
221301481058.0,2022-08-11
221303249165.0,2022-04-15
221301707576.0,2022-04-02
221303071670.0,2022-02-24
221301111616.0,2022-03-20
221301384890.0,2022-11-30
221302921936.0,2022-11-25
221302632085.0,2022-11-29
221303300745.0,2022-06-12
221302967114.0,2021-12-19
221302394860.0,2022-11-24
221303118070.0,2022-09-20
221303002942.0,2022-04-01
221303121183.0,2022-03-28
221302313234.0,2022-09-18
221301491896.0,2022-02-14
221300069766.0,2022-06-30
221301491773.0,2022-11-28
221301035882.0,2022-11-17
221303248919.0,2022-05-15
221300612910.0,2022-03-30
221302284383.0,2022-10-24
221302412975.0,2022-05-17
221301612293.0,2022-01-30
221303151942.0,2022-02-27
221302799826.0,2022-02-19
221300621672.0,2022-09-02
221300965142.0,2022-05-28
221303295296.0,2022-07-27
221300154153.0,2022-11-02
221303124351.0,2022-03-23
221303143957.0,2022-09-28
221300513413.0,2022-08-19
221301052265.0,2022-02-22
221301956423.0,2021-12-12
221301855507.0,2022-11-11
221300779415.0,2022-10-30
221300819704.0,2022-03-15
221303301723.0,2022-11-17
221302833329.0,2022-11-27
221301506332.0,2022-05-14
221302375391.0,2022-07-15
221300357714.0,2022-11-22
221301882421.0,2022-05-10
221303029549.0,2022-02-14
221301847200.0,2022-04-30
221303090787.0,2022-05-14
221302145514.0,2022-01-31
221300758874.0,2022-02-26
221302699075.0,2022-04-15
221303248769.0,2022-01-25
221300516317.0,2022-11-11
221303121284.0,2022-02-25
221302452635.0,2021-12-15
221303246507.0,2022-05-29
221302063147.0,2022-07-14
221300473090.0,2022-06-15
221301874751.0,2022-05-25
221301827513.0,2022-08-23
221301627567.0,2022-11-16
221302532505.0,2022-08-31
221301982355.0,2022-04-14
221302297233.0,2022-07-11
221302940884.0,2022-03-27
221300964722.0,2021-12-29
221300663550.0,2022-04-26
221302886785.0,2022-01-01
221302410047.0,2022-07-09
221303044038.0,2022-06-11
221301204419.0,2022-10-01
221300687208.0,2022-04-11
221300064815.0,2022-10-28
221301515032.0,2022-09-01
221303208237.0,2022-10-30
221302589885.0,2022-04-26
221302483980.0,2022-09-22
221301572600.0,2022-10-14
221302323910.0,2022-05-12
221303233330.0,2022-03-13
221300431029.0,2022-01-15
221300502012.0,2022-07-30
221300435714.0,2022-06-23
221303203789.0,2022-01-20
221301601510.0,2022-07-14
221301527641.0,2022-06-15
221303300764.0,2022-10-31
221301466632.0,2022-03-30
221303193101.0,2022-06-22
221302851232.0,2022-09-12
221301405708.0,2022-10-20
221302868316.0,2022-10-25
221303008706.0,2022-03-16
221303118641.0,2022-05-23
221300502695.0,2022-11-08
221301218454.0,2022-07-28
221302770392.0,2022-09-18
221302496996.0,2022-11-19
221301537374.0,2022-06-12
221302920507.0,2022-09-18
221300917093.0,2022-04-13
221302225895.0,2022-07-29
221301020466.0,2022-11-09
221302428548.0,2022-06-24
221301629176.0,2022-01-12
221300394317.0,2021-12-28
221301083304.0,2022-08-26
221302095053.0,2022-10-12
221301483971.0,2022-03-10
221302359368.0,2022-05-29
221301696809.0,2022-05-24
221303186368.0,2022-05-15
221303195893.0,2022-07-02
221300367472.0,2022-02-13
221301053456.0,2022-10-20
221303296900.0,2022-01-21
221300866353.0,2022-06-14
221301155286.0,2022-06-16
221302816073.0,2022-05-20
221301992134.0,2022-11-19
221302739637.0,2022-01-18
221300943994.0,2022-03-31
221302939856.0,2022-02-11
221300207672.0,2022-09-21
221302302206.0,2022-03-01
221301916802.0,2022-04-20
221301391430.0,2022-02-02
221302875355.0,2022-07-10
221303148790.0,2022-06-25
221301383109.0,2022-08-15
221302782507.0,2022-10-28
221301884441.0,2022-04-20
221302899474.0,2022-11-19
221301594131.0,2021-12-14
221300493526.0,2022-07-14
221302545326.0,2022-03-29
221302469531.0,2022-04-22
221302302281.0,2022-01-14
221302651033.0,2022-05-13
221302013229.0,2022-06-11
221303264195.0,2022-03-24
221302799789.0,2022-09-01
221301895987.0,2022-10-31
221303186275.0,2022-02-26
221300749981.0,2021-12-16
221302578262.0,2022-08-23
221301736939.0,2022-03-18
221302999055.0,2022-10-22
221300134669.0,2021-12-12
221302279927.0,2022-07-30
221301877854.0,2022-09-28
221302310190.0,2022-12-01
221301982406.0,2022-09-01
221301462910.0,2022-06-30
221301287689.0,2022-04-12
221301526352.0,2022-02-10
221302316528.0,2022-11-08
221301529517.0,2022-08-28
221302380945.0,2022-02-10
221300459487.0,2022-04-16
221303102659.0,2022-02-02
221302734302.0,2022-12-02
221301831513.0,2022-03-18
221302026955.0,2022-11-24
221302790986.0,2022-09-29
221301113820.0,2022-10-30
221300888787.0,2021-12-13
221302366201.0,2022-04-09
221300592181.0,2022-08-25
221300885993.0,2022-11-10
221300074563.0,2021-12-09
221301834096.0,2022-04-02
221300306711.0,2022-09-26
221302989274.0,2022-06-20
221301887373.0,2022-01-18
221300257983.0,2022-02-16
221302954376.0,2022-08-09
221302857314.0,2022-03-19
221301064182.0,2022-02-27
221300117342.0,2022-07-22
221300395372.0,2022-02-09
221302759590.0,2022-07-09
221301407277.0,2022-02-20
221302864609.0,2022-08-18
221301164598.0,2022-01-27
221301018810.0,2022-11-20
221300494313.0,2022-06-22
221300177847.0,2022-10-22
221302953806.0,2022-11-18
221300363165.0,2022-05-27
221302648508.0,2022-07-29
221300856840.0,2022-10-21
221303233033.0,2022-09-24
221301026740.0,2022-04-18
221303264941.0,2022-09-16
221301201553.0,2022-11-11
221302866857.0,2022-03-13
221302267447.0,2022-07-21
221300896630.0,2022-02-20
221303146093.0,2022-08-13
221300500769.0,2022-11-17
221300463461.0,2022-07-18
221300768411.0,2022-11-19
221302456200.0,2022-01-17
221300683014.0,2021-12-13
221300362705.0,2022-04-10
221302923901.0,2022-09-15
221302759758.0,2022-10-19
221300575099.0,2021-12-25
221302546007.0,2022-09-13
221302492823.0,2022-07-23
221301416899.0,2022-04-19
221302179763.0,2022-05-21
221303100938.0,2022-10-09
221301407406.0,2022-01-27
221300959839.0,2022-01-19
221301538407.0,2022-06-28
221302370297.0,2021-12-22
221302353023.0,2022-06-17
221301418955.0,2022-08-02
221301171980.0,2022-09-10
221300238179.0,2022-09-26
221302165697.0,2022-08-29
221302030685.0,2022-07-11
221300586980.0,2022-10-24
221303027964.0,2022-07-24
221303182808.0,2022-02-09
221300551334.0,2022-01-26
221300875048.0,2022-07-29
221301681713.0,2022-02-11
221302793628.0,2022-03-21
221301599294.0,2022-05-29
221302810448.0,2022-05-28
221302571373.0,2021-12-29
221303094524.0,2022-10-28
221303275359.0,2022-08-15
221301333623.0,2022-08-22
221301056087.0,2022-11-29
221300628930.0,2022-06-21
221302906630.0,2022-06-17
221302636283.0,2021-12-28
221301192230.0,2022-03-22
221302770494.0,2022-07-20
221302186698.0,2022-02-24
221302410353.0,2022-05-21
221301626550.0,2022-05-18
221303238295.0,2022-01-10
221303169536.0,2022-03-15
221302149390.0,2022-04-11
221301380275.0,2022-09-26
221302830747.0,2022-07-23
221302910261.0,2022-01-31
221303119677.0,2022-10-14
221301079705.0,2022-10-31
221301589084.0,2022-03-28
221300850920.0,2022-10-22
221300672821.0,2022-11-18
221302747120.0,2022-07-20
221300646822.0,2021-12-11
221300375699.0,2022-04-25
221300446987.0,2022-08-23
221302865550.0,2022-08-11
221300536288.0,2022-01-24
221300757972.0,2022-10-20
221302679869.0,2022-01-12
221303214068.0,2022-10-17
221302821048.0,2022-11-02
221301218379.0,2022-06-26
221302059004.0,2022-04-23
221301649199.0,2022-04-14
221302105927.0,2022-11-30
221301970779.0,2022-09-08
221302574578.0,2022-10-14
221302560538.0,2022-04-09
221303298334.0,2022-06-21
221302894550.0,2022-09-15
221301977010.0,2022-06-01
221302107525.0,2022-08-30
221302232160.0,2022-09-09
221303206520.0,2022-02-10
221302876093.0,2022-10-09
221302494376.0,2022-09-09
221301451561.0,2021-12-15
221300377060.0,2022-06-29
221301227406.0,2022-11-19
221301630032.0,2022-05-31
221302284196.0,2022-10-23
221302381233.0,2022-02-21
221300470992.0,2022-03-17
221300371139.0,2022-10-10
221302890581.0,2022-11-26
221300671192.0,2022-07-30
221301579953.0,2022-08-30
221300571201.0,2022-02-13
221301649105.0,2022-04-25
221300536583.0,2022-08-12
221300032032.0,2022-03-17
221300525251.0,2022-11-28
221301305118.0,2022-04-09
221303017659.0,2022-04-26
221301889866.0,2022-10-29
221302453490.0,2022-01-20
221301000472.0,2022-03-27
221301174439.0,2022-08-16
221300128899.0,2022-10-23
221302356538.0,2022-08-29
221301399043.0,2022-04-15
221302693504.0,2022-04-20
221302594454.0,2022-10-23
221300902013.0,2022-08-21
221302058232.0,2022-05-14
221303232990.0,2022-10-16
221301499519.0,2022-03-25
221300093983.0,2022-06-30
221301567838.0,2021-12-31
221300003649.0,2022-01-20
221302726283.0,2022-01-13
221303073945.0,2022-11-21
221300823756.0,2022-09-23
221301207850.0,2021-12-26
221302716180.0,2022-08-25
221302431189.0,2022-04-10
221302806152.0,2021-12-09
221302441588.0,2022-09-09
221302460329.0,2022-01-02
221301948430.0,2022-04-20
221300253283.0,2022-04-15
221300673566.0,2022-09-13
221301459330.0,2022-11-14
221300649298.0,2022-10-27
221301555061.0,2022-06-12
221300998730.0,2022-11-30
221300838855.0,2022-10-27
221302867406.0,2022-03-30
221302549939.0,2022-07-31
221300283970.0,2022-03-20
221302382219.0,2022-05-22
221302012727.0,2022-02-26
221302484277.0,2021-12-16
221302313639.0,2022-10-22
221303291210.0,2022-02-06
221301463838.0,2022-06-17
221300114429.0,2022-01-31
221302067180.0,2022-04-11
221302990882.0,2022-10-11
221300115042.0,2022-04-24
221302454778.0,2022-10-31
221303093340.0,2022-01-14
221301948211.0,2022-09-11
221302821402.0,2021-12-23
221301207511.0,2022-01-21
221302401006.0,2022-10-31
221302923530.0,2022-11-24
221302084689.0,2022-08-30
221300181219.0,2022-07-19
221302689155.0,2022-03-30
221301623728.0,2022-05-01
221302331036.0,2022-04-11
221301038906.0,2022-11-13
221301665740.0,2022-09-17
221301773408.0,2022-06-08
221300996261.0,2022-06-26
221302917392.0,2022-10-14
221301839318.0,2022-04-18
221300655165.0,2022-09-09
221301599429.0,2022-11-24
221301407994.0,2022-08-31
221302295992.0,2022-11-28
221303029239.0,2022-08-21
221302433066.0,2022-06-18
221302187297.0,2022-01-26
221300733659.0,2021-12-26
221300673307.0,2022-04-20
221302820370.0,2022-06-10
221301126315.0,2022-02-24
221303227961.0,2022-09-16
221303092275.0,2022-09-14
221302526695.0,2022-03-18
221303249025.0,2022-09-27
221300490054.0,2022-11-21
221302800182.0,2022-03-25
221302947893.0,2022-07-25
221302590299.0,2022-04-12
221302368674.0,2022-10-30
221301140019.0,2022-07-11
221301186318.0,2022-06-09
221302374876.0,2022-07-02
221302090137.0,2022-02-24
221303178416.0,2022-04-27
221300083790.0,2022-11-01
221302198537.0,2022-06-16
221302017594.0,2022-04-24
221300830677.0,2022-11-15
221302729619.0,2022-09-18
221303190877.0,2022-01-29
221302889936.0,2021-12-12
221302976289.0,2022-11-20
221303287054.0,2022-08-09
221301830391.0,2022-09-20
221302988984.0,2022-10-29
221301524146.0,2022-06-11
221301139352.0,2022-06-21
221302596661.0,2022-09-25
221302360863.0,2022-10-21
221303157192.0,2022-05-31
221302637885.0,2022-04-18
221302473523.0,2021-12-12
221300852960.0,2022-09-01
221302921851.0,2022-06-21
221300584632.0,2022-08-14
221300489471.0,2021-12-29
221302758565.0,2022-03-31
221300351105.0,2022-06-27
221302051124.0,2022-05-30
221301580541.0,2022-02-08
221302490596.0,2022-04-24
221302897349.0,2022-06-10
221301236632.0,2022-03-11
221303144806.0,2022-09-22
221301030830.0,2022-05-25
221301157983.0,2022-11-12
221300593206.0,2022-11-28
221302265854.0,2022-02-23
221300878648.0,2022-09-08
221300891825.0,2022-11-09
221302984010.0,2021-12-24
221301229070.0,2022-01-30
221300596725.0,2022-05-20
221303238204.0,2022-05-18
221301278364.0,2021-12-16
221300272246.0,2022-09-20
221301189278.0,2022-04-18
221300116157.0,2022-03-29
221303132606.0,2022-09-29
221300885644.0,2022-08-19
221300986263.0,2022-01-29
221302920006.0,2022-01-15
221303211272.0,2022-04-14
221301166716.0,2022-01-02
221301267880.0,2022-04-14
221303290296.0,2022-09-16
221302504443.0,2022-12-02
221300175152.0,2022-10-01
221303089733.0,2022-09-08
221302415256.0,2022-04-14
221300995205.0,2022-10-02
221303255081.0,2022-09-17
221302488496.0,2022-11-02
221302528834.0,2022-08-30
221301493504.0,2022-02-13
221302344756.0,2022-12-02
221300477259.0,2022-04-13
221301752771.0,2022-09-23
221303112721.0,2022-08-23
221302324602.0,2022-05-24
221303003046.0,2022-06-14
221302477468.0,2022-05-13
221300993984.0,2022-08-22
221303052075.0,2022-01-28
221301732951.0,2022-10-02
221303196955.0,2022-01-27
221301323910.0,2022-07-31
221301815616.0,2022-11-19
221300810065.0,2022-04-28
221302846890.0,2021-12-18
221300414614.0,2022-05-10
221302196646.0,2022-03-26
221300467288.0,2021-12-18
221302872437.0,2022-02-21
221302540908.0,2022-10-31
221301730825.0,2022-07-02
221300662564.0,2022-06-17
221302442436.0,2022-11-22
221301272609.0,2022-01-28
221302162004.0,2022-06-02
221303118760.0,2022-03-25
221302612279.0,2022-10-13
221301921709.0,2022-06-02
221301566954.0,2022-11-11
221302818874.0,2022-07-02
221303303056.0,2022-08-31
221303228329.0,2022-08-21
221300922249.0,2022-07-25
221300553049.0,2022-11-13
221302960046.0,2021-12-15
221300426812.0,2022-09-15
221303010362.0,2022-09-25
221302998401.0,2021-12-20
221302831101.0,2022-10-18
221301252386.0,2022-05-12
221300121764.0,2022-09-02
221301512926.0,2022-10-18
221300424862.0,2022-07-31
221301497771.0,2022-11-21
221300654093.0,2021-12-22
221300224942.0,2022-08-17
221302235611.0,2022-12-01
221302885069.0,2022-03-11
221301398850.0,2022-08-28
221302201462.0,2022-10-29
221302716577.0,2022-09-20
221303027903.0,2022-08-30
221303193256.0,2022-01-09
221300748949.0,2022-08-28
221302521719.0,2022-03-20
221301640126.0,2022-09-16
221301181887.0,2022-08-18
221300854931.0,2022-03-17
221301981338.0,2022-04-27
221300532092.0,2022-06-29
221301457271.0,2022-01-23
221301289446.0,2022-03-21
221301092323.0,2022-04-29
221302621126.0,2022-07-09
221300826832.0,2022-04-12
221302947671.0,2022-10-17
221300499361.0,2022-06-25
221303164806.0,2022-05-17
221300791920.0,2022-01-19
221302413221.0,2022-02-25
221302542069.0,2022-02-02
221302834639.0,2022-07-09
221301864335.0,2022-02-09
221300876966.0,2022-11-01
221302041245.0,2022-05-14
221301944032.0,2022-08-30
221301765408.0,2022-09-20
221300605615.0,2021-12-23
221300047719.0,2022-10-15
221301114700.0,2022-04-11
221302348464.0,2022-06-24
221300877246.0,2022-03-31
221303263681.0,2022-10-10
221302697542.0,2022-09-26
221301155302.0,2022-06-25
221302587069.0,2022-01-09
221301029770.0,2022-02-09
221301214736.0,2022-10-31
221302674183.0,2022-06-08
221300007378.0,2022-04-10
221301122108.0,2022-08-30
221301163447.0,2022-09-30
221301902990.0,2022-05-14
221300894493.0,2022-01-21
221300750998.0,2021-12-11
221301391759.0,2022-03-28
221301627267.0,2022-10-16
221300883401.0,2022-03-13
221303202437.0,2022-04-26
221301701700.0,2022-03-25
221302052216.0,2022-11-26
221301248222.0,2021-12-31
221302324733.0,2022-05-09
221301195898.0,2022-10-28
221300238937.0,2021-12-14
221301635964.0,2022-03-13
221303145580.0,2022-03-13
221300825411.0,2022-05-09
221301929929.0,2022-01-13
221302843423.0,2022-08-22
221301584887.0,2022-01-10
221301039266.0,2021-12-17
221300656499.0,2021-12-23
221300302476.0,2022-03-16
221302279436.0,2021-12-13
221301780827.0,2022-03-26
221302203477.0,2022-06-30
221301506624.0,2021-12-11
221302999781.0,2022-01-20
221300888269.0,2022-03-19
221300419992.0,2022-01-11
221302325022.0,2022-09-08
221303033765.0,2022-10-25
221302795588.0,2022-11-14
221303260827.0,2022-11-01
221302061004.0,2021-12-25
221300308691.0,2022-04-20
221303234105.0,2021-12-28
221302961816.0,2022-09-13
221302911304.0,2022-03-20
221302574122.0,2022-01-28
221302117669.0,2022-10-29
221300621128.0,2022-03-16
221303243968.0,2022-06-29
221303129052.0,2022-11-27
221301212784.0,2022-04-24
221302711855.0,2022-08-24
221303156314.0,2022-06-12
221302931976.0,2022-05-28
221302804884.0,2022-06-01
221302855298.0,2022-02-17
221300114876.0,2022-06-26
221300150617.0,2021-12-19
221301078344.0,2022-04-11
221300109161.0,2022-02-07
221301634847.0,2022-05-12
221302999721.0,2022-08-12
221301116723.0,2022-01-11
221301964921.0,2022-05-13
221300271891.0,2022-07-26
221300772461.0,2022-09-12
221302365305.0,2022-01-30
221301746915.0,2022-10-14
221300859509.0,2022-09-02
221301184882.0,2022-07-15
221303178286.0,2022-06-02
221300671223.0,2022-03-23
221301241876.0,2022-10-30
221300698754.0,2022-08-29
221301359635.0,2022-11-11
221302810915.0,2021-12-23
221301959520.0,2022-06-10
221302792707.0,2022-10-23
221303273858.0,2021-12-29
221302116229.0,2022-05-23
221300241674.0,2022-01-18
221302483877.0,2022-05-30
221301299890.0,2022-01-13
221302014310.0,2022-07-18
221302057533.0,2022-10-24
221300890117.0,2022-05-24
221302045184.0,2022-06-02
221302904315.0,2022-06-11
221300856976.0,2022-02-15
221300852310.0,2022-02-17
221301816937.0,2022-09-26
221302957758.0,2022-03-12
221302077119.0,2022-06-24
221301843972.0,2022-09-02
221301603898.0,2022-02-12
221300672872.0,2022-02-02
221300729621.0,2022-02-16
221300676528.0,2022-11-15
221303192959.0,2022-06-29
221303240112.0,2022-05-13
221302794306.0,2022-04-17
221301892292.0,2022-03-11
221302848908.0,2022-08-01
221301570393.0,2022-06-02
221301271694.0,2022-03-12
221302320249.0,2022-05-30
221302932600.0,2022-09-26
221302310670.0,2022-11-02
221300892307.0,2022-03-26
221301038271.0,2022-04-25
221302786488.0,2022-05-15
221302895973.0,2022-12-01
221302452498.0,2022-04-18
221303280700.0,2021-12-29
221300274820.0,2022-10-20
221303187637.0,2022-07-20
221300262566.0,2022-05-25
221300555867.0,2022-09-29
221300470141.0,2022-04-15
221301469353.0,2022-08-10
221300154917.0,2022-09-28
221303149570.0,2022-10-21
221302278537.0,2022-06-19
221301064930.0,2021-12-17
221300615192.0,2022-08-26
221303124940.0,2022-09-17
221300396133.0,2021-12-16
221301580539.0,2022-07-13
221300433403.0,2022-04-09
221300049666.0,2022-07-13
221302031997.0,2022-07-25
221302507125.0,2022-11-26
221302789752.0,2022-03-20
221302852816.0,2022-03-01
221301481930.0,2022-06-28
221301298443.0,2022-11-12
221300616623.0,2021-12-17
221302869599.0,2022-01-30
221300194767.0,2022-03-17
221302218444.0,2022-07-16
221301592560.0,2022-07-27
221302068416.0,2022-05-19
221300657250.0,2022-02-22
221301799690.0,2022-05-20
221301421029.0,2022-06-29
221302170724.0,2022-10-02
221300722451.0,2022-08-25
221303067031.0,2021-12-23
221301671869.0,2022-03-23
221302384825.0,2022-04-08
221302721965.0,2022-04-08
221300491816.0,2022-06-01
221302270696.0,2022-09-15
221300343551.0,2022-08-22
221301591683.0,2022-05-12
221300628452.0,2022-09-17
221300545001.0,2022-05-24
221303234691.0,2022-03-23
221300650539.0,2022-11-14
221300907190.0,2022-04-28
221302964884.0,2022-01-01
221303202546.0,2022-09-28
221302771049.0,2022-02-16
221301497496.0,2022-01-20
221301098976.0,2022-03-25
221302732684.0,2022-05-23
221300891736.0,2022-06-15
221302754333.0,2022-01-18
221300263553.0,2022-07-01
221301147677.0,2022-01-30
221301436723.0,2022-02-01
221301830638.0,2022-07-17
221301182299.0,2022-06-11
221301158089.0,2022-09-11
221300531290.0,2022-09-22
221303074230.0,2022-10-31
221300525775.0,2022-10-21
221300303763.0,2022-06-02
221302784488.0,2022-07-29
221300548197.0,2022-11-16
221302746399.0,2022-04-17
221300557279.0,2022-03-27
221301216651.0,2022-06-25
221302949454.0,2022-08-17
221302454547.0,2022-06-15
221302853925.0,2022-10-31
221300804271.0,2022-03-25
221302924077.0,2022-11-02
221302441822.0,2022-03-13
221300161953.0,2022-06-11
221300682754.0,2021-12-19
221300489904.0,2022-11-10
221301020948.0,2022-04-20
221300596931.0,2022-08-19
221300215245.0,2022-08-22
221301073049.0,2022-01-18
221302700934.0,2022-10-12
221301155105.0,2022-02-18
221301852100.0,2022-09-20
221302438269.0,2022-01-17
221301816595.0,2022-11-26
221301337380.0,2022-11-12
221302236781.0,2022-03-13
221302695245.0,2022-09-15
221300918951.0,2022-01-18
221300984967.0,2022-03-17
221301413837.0,2022-09-23
221300277115.0,2022-10-27
221300017548.0,2022-04-15
221302956815.0,2022-04-27
221301797871.0,2022-08-12
221300419563.0,2022-06-22
221302319558.0,2022-06-13
221302096395.0,2022-11-24
221301999820.0,2022-06-16
221301140933.0,2022-02-11
221300169487.0,2022-02-20
221302293420.0,2022-08-28
221301138704.0,2022-04-11
221302453605.0,2022-11-23
221302771802.0,2022-09-17
221301707749.0,2022-02-12
221303126671.0,2022-07-13
221301809465.0,2021-12-20
221301360495.0,2022-10-26
221302944057.0,2022-04-27
221301796536.0,2022-06-22
221300458890.0,2022-07-26
221302212157.0,2022-04-21
221302814965.0,2022-02-26
221301609621.0,2022-08-30
221302271335.0,2022-10-18
221301059503.0,2022-11-30
221300102310.0,2022-06-20
221301907381.0,2022-02-27
221303073805.0,2022-04-15
221300568525.0,2022-10-29
221300412734.0,2022-11-02
221302910454.0,2022-04-25
221302025437.0,2022-03-23
221302463823.0,2022-09-12
221300171755.0,2022-05-31
221301275256.0,2022-10-14
221302491492.0,2022-03-30
221300473934.0,2022-10-19
221300547507.0,2022-03-23
221302894001.0,2022-09-09
221302545927.0,2022-11-16
221300292365.0,2022-09-30
221301295901.0,2022-10-17
221300033077.0,2022-10-31
221303200863.0,2022-11-30
221302652967.0,2022-11-17
221301687475.0,2022-01-02
221301661682.0,2022-08-02
221301885645.0,2022-07-25
221300582948.0,2022-11-11
221303052887.0,2022-05-21
221303168216.0,2022-09-02
221302184471.0,2022-09-11
221301562423.0,2022-04-17
221301060286.0,2022-05-25
221300669425.0,2022-05-31
221300409310.0,2022-03-12
221302657479.0,2022-08-11
221302003213.0,2022-07-24
221302454377.0,2022-03-14
221302256506.0,2022-04-19
221301165183.0,2021-12-27
221302257524.0,2022-10-20
221301418363.0,2022-03-16
221302918720.0,2022-11-11
221303031186.0,2022-01-28
221302784904.0,2022-03-18
221302254443.0,2022-07-30
221301471771.0,2022-08-02
221300306069.0,2022-06-16
221300164497.0,2022-10-31
221302043869.0,2022-07-11
221301441875.0,2022-01-22
221302918227.0,2022-10-31
221302443407.0,2022-04-14
221302823558.0,2022-07-31
221302176829.0,2021-12-18
221302055464.0,2022-05-18
221302648908.0,2022-10-16
221302790871.0,2021-12-27
221300029125.0,2022-08-02
221301062461.0,2022-09-13
221300035593.0,2022-09-01
221301935446.0,2022-03-21
221300963413.0,2021-12-09
221300583148.0,2022-08-31
221303162407.0,2022-05-20
221301131701.0,2022-02-14
221302431875.0,2021-12-11
221303014960.0,2022-11-19
221300965905.0,2021-12-31
221302131488.0,2022-10-29
221300902246.0,2022-02-10
221301651627.0,2022-06-24
221301772887.0,2022-04-16
221301967290.0,2022-06-15
221303227382.0,2022-09-17
221302105057.0,2022-04-28
221301506282.0,2022-11-11
221303134005.0,2022-03-31
221300120529.0,2022-08-26
221301151947.0,2022-07-09
221301721104.0,2022-08-29
221302486294.0,2022-03-28
221300211888.0,2022-11-02
221302217424.0,2022-03-09
221301591650.0,2022-03-26
221301508338.0,2022-03-28
221300193380.0,2022-11-12
221300707267.0,2022-03-27
221302057466.0,2022-06-13
221301025220.0,2022-02-15
221302712043.0,2022-09-08
221303212151.0,2022-02-26
221300053541.0,2022-08-13
221302333971.0,2022-01-29
221302608452.0,2022-02-10
221303212062.0,2022-07-09
221303112607.0,2021-12-20
221302974940.0,2022-07-12
221300166673.0,2022-09-26
221300810778.0,2021-12-22
221302150532.0,2022-03-16
221301265104.0,2022-07-19
221301450333.0,2022-08-22
221301217899.0,2022-09-15
221302730359.0,2022-08-13
221302675003.0,2022-02-06
221301869250.0,2022-07-31
221301930555.0,2022-08-31
221302161240.0,2022-02-24
221302080751.0,2022-10-23
221301048268.0,2022-01-24
221300162645.0,2022-06-24
221302197814.0,2022-01-23
221301339033.0,2022-04-22
221300394619.0,2022-03-31
221302594720.0,2022-08-28
221303228915.0,2022-10-22
221301457618.0,2021-12-21
221302485885.0,2022-09-08
221301942084.0,2022-06-12
221302196447.0,2022-06-11
221300839434.0,2022-02-20
221302299824.0,2022-05-27
221300666010.0,2022-10-10
221300427960.0,2022-06-18
221301673369.0,2022-05-23
221302714215.0,2021-12-21
221303031054.0,2022-10-10
221303209354.0,2021-12-17
221301252108.0,2022-02-18
221300211906.0,2022-01-27
221301156959.0,2022-01-21
221302633752.0,2022-04-22
221303046543.0,2022-07-24
221302907720.0,2022-01-29
221300975675.0,2022-10-10
221300657101.0,2022-07-22
221303136446.0,2022-01-02
221302782926.0,2022-09-24
221301365899.0,2022-04-13
221300629685.0,2022-06-17
221302531905.0,2022-09-11
221302605600.0,2022-01-14
221301981812.0,2021-12-26
221300644821.0,2022-01-23
221302793407.0,2022-11-20
221303225431.0,2021-12-21
221303093808.0,2022-03-10
221300525292.0,2022-11-27
221300499584.0,2022-12-02
221300980529.0,2022-01-28
221300026436.0,2022-01-10
221301453087.0,2022-01-31
221301966935.0,2021-12-27
221302996640.0,2022-01-24
221300948574.0,2022-05-19
221302942251.0,2022-02-06
221301618144.0,2022-05-29
221300932796.0,2022-06-01
221303221270.0,2022-08-11
221300300818.0,2022-05-31
221302614643.0,2022-04-14
221301586158.0,2022-05-22
221300153131.0,2022-01-31
221303198474.0,2022-01-23
221300011922.0,2021-12-11
221302420221.0,2022-03-14
221302928466.0,2022-04-25
221301850933.0,2022-03-02
221303097823.0,2022-03-31
221302043995.0,2022-05-31
221300884823.0,2022-11-25
221302300523.0,2022-10-13
221302824657.0,2022-01-13
221301258686.0,2022-09-17
221301295260.0,2022-05-26
221300379447.0,2022-09-21
221300793709.0,2022-04-15
221301780298.0,2022-09-21
221300031223.0,2022-02-09
221300494154.0,2022-05-23
221302038291.0,2021-12-20
221302365130.0,2022-05-10
221300324109.0,2022-02-28
221301325694.0,2022-08-10
221300708884.0,2022-09-10
221302654627.0,2022-11-15
221301637947.0,2022-07-18
221300220743.0,2022-08-09
221301835241.0,2022-05-28
221303203279.0,2022-11-14
221300170062.0,2022-07-24
221302441901.0,2022-06-11
221300440803.0,2022-03-22
221301478033.0,2022-03-21
221302054717.0,2022-02-18
221301532626.0,2022-03-09
221301868046.0,2021-12-12
221302227000.0,2022-09-30
221301345940.0,2022-08-21
221303199521.0,2022-10-12
221302929157.0,2022-10-21
221301672819.0,2022-06-28
221302868112.0,2022-02-01
221302643134.0,2022-01-14
221300963168.0,2022-03-25
221300344384.0,2022-09-18
221301988939.0,2022-02-22
221303265575.0,2022-02-26
221302075635.0,2022-09-23
221300926139.0,2022-07-20
221300561894.0,2022-03-18
221300638901.0,2022-02-21
221301018800.0,2022-06-20
221300742272.0,2022-09-27
221301624652.0,2022-10-09
221302793364.0,2022-09-21
221302782787.0,2022-04-25
221301933433.0,2022-08-11
221302408589.0,2022-02-18
221300123777.0,2022-02-01
221300008366.0,2022-03-13
221302552975.0,2022-01-21
221302334537.0,2022-05-24
221303079201.0,2022-09-22
221302242574.0,2022-11-20
221300490384.0,2022-06-14
221301069666.0,2022-07-13
221301777440.0,2022-05-17
221300826078.0,2022-01-25
221300146240.0,2022-01-09
221302036534.0,2022-05-27
221301637713.0,2022-08-16
221302831720.0,2022-02-01
221300458674.0,2022-10-30
221302978119.0,2022-12-02
221302800953.0,2022-10-10
221302994898.0,2022-09-11
221303274496.0,2022-01-31
221301594064.0,2022-12-01
221302722719.0,2022-09-25
221300679431.0,2022-04-10
221300052700.0,2022-07-15
221301778602.0,2022-05-31
221300339074.0,2022-10-28
221302295147.0,2022-01-25
221301683289.0,2022-07-11
221301103974.0,2022-08-02
221300493271.0,2022-03-27
221302500220.0,2022-10-02
221301283953.0,2022-11-10
221302846313.0,2021-12-25
221300478427.0,2021-12-28
221300918272.0,2022-11-11
221300119199.0,2022-05-24
221303036997.0,2022-10-30
221300508298.0,2022-05-12
221303272556.0,2022-02-19
221300436522.0,2022-05-21
221301550140.0,2022-05-15
221302619793.0,2022-04-17
221301242193.0,2022-11-14
221301207854.0,2022-05-16
221303069065.0,2022-01-29
221302976414.0,2021-12-10
221303290948.0,2022-05-28
221302569515.0,2022-08-02
221301871316.0,2022-05-22
221301139077.0,2022-08-14
221303278356.0,2022-06-29
221301330984.0,2022-01-23
221302840676.0,2022-10-13
221300007411.0,2021-12-20
221300295325.0,2022-05-21
221302646261.0,2022-06-26
221303027731.0,2022-10-22
221302640360.0,2022-08-15
221302090529.0,2022-07-20
221302452222.0,2022-06-29
221300035448.0,2022-11-19
221301319054.0,2022-09-16
221302577853.0,2022-05-27
221301055129.0,2022-07-01
221302557208.0,2022-10-28
221302480392.0,2022-01-22
221303258096.0,2022-01-18
221300284111.0,2022-03-24
221302541915.0,2022-06-28
221303003669.0,2022-07-16
221303006013.0,2022-07-15
221300093051.0,2022-07-14
221302611445.0,2022-08-28
221302058817.0,2022-10-09
221303052862.0,2022-07-11
221300424975.0,2022-04-02
221302266843.0,2022-08-18
221302001079.0,2022-02-26
221302303122.0,2022-01-01
221300896242.0,2021-12-12
221300521153.0,2021-12-12
221300028847.0,2022-06-09
221301996494.0,2021-12-21
221300737601.0,2022-12-01
221300751560.0,2022-05-22
221300947797.0,2022-08-31
221300644853.0,2022-01-18
221300772517.0,2022-04-19
221300397740.0,2022-11-29
221301524807.0,2022-04-18
221301473376.0,2021-12-10
221301355319.0,2022-11-18
221303168499.0,2022-06-09
221300746248.0,2022-08-11
221302614548.0,2022-11-30
221303285993.0,2022-06-02
221300432033.0,2022-01-24
221300172033.0,2022-06-21
221301653146.0,2022-04-15
221302795546.0,2022-06-18
221301443721.0,2022-05-28
221302154807.0,2022-07-11
221300329395.0,2022-10-17
221300553220.0,2022-01-12
221303249466.0,2022-09-14
221302955557.0,2022-05-29
221303039836.0,2022-09-30
221303246092.0,2022-07-25
221302997042.0,2021-12-26
221302398922.0,2022-03-31
221302193592.0,2022-03-31
221300054942.0,2022-11-18
221301308052.0,2021-12-25
221300789195.0,2022-01-29
221300294202.0,2022-03-22
221300392205.0,2022-05-23
221300990613.0,2021-12-21
221303194443.0,2022-05-22
221300891937.0,2022-08-15
221301723771.0,2022-04-08
221302104987.0,2022-06-11
221300026080.0,2022-06-29
221300642351.0,2022-06-17
221303131497.0,2021-12-19
221302798863.0,2021-12-31
221301662938.0,2022-09-14
221302279533.0,2022-06-23
221301010084.0,2022-10-02
221301366114.0,2022-11-19
221302505082.0,2022-02-17
221302553810.0,2022-03-31
221302668677.0,2022-08-09
221302824572.0,2022-08-09
221303006819.0,2022-04-22
221302468609.0,2022-01-17
221301921505.0,2021-12-24
221300575258.0,2022-05-16
221302561399.0,2022-04-26
221300398070.0,2022-01-28
221300875367.0,2022-02-10
221301779189.0,2022-07-21
221300273929.0,2022-05-24
221300994151.0,2022-07-14
221302904976.0,2022-09-20
221301507455.0,2021-12-30
221300264343.0,2022-11-09
221301921620.0,2022-10-17
221302529631.0,2022-09-16
221302037511.0,2022-10-25
221303231144.0,2022-08-28
221301658656.0,2022-10-24
221303209997.0,2022-01-18
221302374179.0,2022-07-16
221301009840.0,2022-09-17
221300228213.0,2022-08-18
221300579986.0,2022-06-18
221302905095.0,2022-07-25
221302512018.0,2021-12-14
221301749357.0,2022-08-14
221302872206.0,2022-01-18
221301302174.0,2022-05-29
221300020388.0,2022-05-25
221303152735.0,2022-07-17
221302858904.0,2022-10-11
221300544728.0,2022-06-18
221301921177.0,2021-12-17
221301258672.0,2022-10-13
221301993886.0,2022-01-22
221301427623.0,2022-06-02
221301600918.0,2022-02-28
221301367973.0,2022-03-24
221302910920.0,2022-01-18
221300783013.0,2022-09-08
221303085714.0,2022-05-31
221301853466.0,2022-07-13
221300360133.0,2022-02-06
221301997856.0,2022-06-18
221300370492.0,2022-03-15
221303297069.0,2022-02-07
221301958137.0,2022-05-01
221302470913.0,2022-05-14
221302381572.0,2021-12-31
221301891158.0,2022-04-24
221302292526.0,2022-01-01
221300586510.0,2022-06-27
221301506668.0,2022-08-11
221300844656.0,2022-07-10
221300358160.0,2022-07-31
221301390545.0,2022-03-30
221302308188.0,2022-02-25
221302962686.0,2022-01-28
221300957101.0,2022-01-02
221302786186.0,2022-07-14
221302392765.0,2022-02-06
221302088804.0,2022-06-15
221300176197.0,2022-10-20
221302549742.0,2021-12-20
221302239840.0,2022-06-08
